date,season,away_team_sbr,home_team_sbr,away_score,home_score,total_open_sbr,total_close_sbr,spread_open_sbr,spread_close_sbr
2019-09-05,2019,GreenBay,Chicago,10.0,3.0,46.0,46.5,3.5,3.0
2019-09-08,2019,Atlanta,Minnesota,12.0,28.0,47.5,46.5,4.5,3.5
2019-09-08,2019,Washington,Philadelphia,27.0,32.0,46.5,44.0,8.0,10.0
2019-09-08,2019,Buffalo,NYJets,17.0,16.0,38.5,41.0,3.5,2.5
2019-09-08,2019,Baltimore,Miami,59.0,10.0,36.5,40.5,3.5,7.0
2019-09-08,2019,SanFrancisco,TampaBay,31.0,17.0,48.5,51.0,1.0,1.0
2019-09-08,2019,KansasCity,Jacksonville,40.0,26.0,52.5,49.0,5.0,3.5
2019-09-08,2019,Tennessee,Cleveland,43.0,13.0,45.0,44.0,5.0,5.5
2019-09-08,2019,LARams,Carolina,30.0,27.0,50.5,49.0,3.0,1.5
2019-09-08,2019,Detroit,Arizona,27.0,27.0,48.5,46.0,0.0,3.0
2019-09-08,2019,Cincinnati,Seattle,20.0,21.0,43.5,44.5,7.5,9.0
2019-09-08,2019,Indianapolis,LAChargers,24.0,30.0,48.0,44.5,3.5,6.0
2019-09-08,2019,NYGiants,Dallas,17.0,35.0,46.0,44.5,7.0,7.0
2019-09-08,2019,Pittsburgh,NewEngland,3.0,33.0,51.5,49.0,6.0,5.5
2019-09-09,2019,Houston,NewOrleans,28.0,30.0,54.0,52.0,7.5,6.5
2019-09-09,2019,Denver,Oakland,16.0,24.0,43.0,42.5,3.0,3.0
2019-09-12,2019,TampaBay,Carolina,20.0,14.0,51.0,48.0,6.0,6.5
2019-09-15,2019,Indianapolis,Tennessee,19.0,17.0,44.0,43.5,3.0,3.0
2019-09-15,2019,LAChargers,Detroit,10.0,13.0,47.0,46.5,3.0,0.0
2019-09-15,2019,Buffalo,NYGiants,28.0,14.0,43.0,44.5,0.0,1.0
2019-09-15,2019,Arizona,Baltimore,17.0,23.0,41.5,46.0,12.0,13.0
2019-09-15,2019,NewEngland,Miami,43.0,0.0,47.0,48.5,15.0,18.5
2019-09-15,2019,Dallas,Washington,31.0,21.0,44.0,46.5,4.5,6.0
2019-09-15,2019,Jacksonville,Houston,12.0,13.0,45.0,43.0,8.0,7.0
2019-09-15,2019,Seattle,Pittsburgh,28.0,26.0,46.5,47.0,3.5,4.0
2019-09-15,2019,SanFrancisco,Cincinnati,41.0,17.0,45.0,46.5,1.0,0.0
2019-09-15,2019,Minnesota,GreenBay,16.0,21.0,46.0,43.5,3.0,3.0
2019-09-15,2019,KansasCity,Oakland,28.0,10.0,52.0,53.0,8.0,7.0
2019-09-15,2019,NewOrleans,LARams,9.0,27.0,54.0,52.5,3.0,1.5
2019-09-15,2019,Chicago,Denver,16.0,14.0,41.0,40.5,2.0,3.0
2019-09-15,2019,Philadelphia,Atlanta,20.0,24.0,51.0,53.0,0.0,1.0
2019-09-16,2019,Cleveland,NYJets,23.0,3.0,45.5,45.0,2.5,6.5
2019-09-19,2019,Tennessee,Jacksonville,7.0,20.0,41.0,38.0,2.5,1.5
2019-09-22,2019,Denver,GreenBay,16.0,27.0,43.5,41.0,7.0,7.0
2019-09-22,2019,Detroit,Philadelphia,27.0,24.0,49.5,44.5,7.0,4.0
2019-09-22,2019,Baltimore,KansasCity,28.0,33.0,51.5,52.0,5.0,4.5
2019-09-22,2019,Cincinnati,Buffalo,17.0,21.0,40.5,43.0,4.0,6.0
2019-09-22,2019,Atlanta,Indianapolis,24.0,27.0,48.0,48.0,2.5,1.5
2019-09-22,2019,Oakland,Minnesota,14.0,34.0,43.0,43.5,7.0,9.0
2019-09-22,2019,NYJets,NewEngland,14.0,30.0,45.5,43.0,21.5,21.0
2019-09-22,2019,Miami,Dallas,6.0,31.0,47.0,46.5,17.0,22.5
2019-09-22,2019,NYGiants,TampaBay,32.0,31.0,49.0,48.0,5.0,5.5
2019-09-22,2019,Carolina,Arizona,38.0,20.0,43.5,45.5,3.5,2.0
2019-09-22,2019,NewOrleans,Seattle,33.0,27.0,50.0,44.0,1.0,5.0
2019-09-22,2019,Houston,LAChargers,27.0,20.0,49.0,49.5,3.5,3.0
2019-09-22,2019,Pittsburgh,SanFrancisco,20.0,24.0,46.5,44.5,0.0,6.0
2019-09-22,2019,LARams,Cleveland,20.0,13.0,51.0,48.0,2.5,4.5
2019-09-23,2019,Chicago,Washington,31.0,15.0,42.5,41.0,4.0,4.5
2019-09-26,2019,Philadelphia,GreenBay,34.0,27.0,48.0,46.5,3.0,3.5
2019-09-29,2019,Carolina,Houston,16.0,10.0,47.0,47.5,4.0,5.5
2019-09-29,2019,Cleveland,Baltimore,40.0,25.0,46.5,47.5,5.0,7.0
2019-09-29,2019,Washington,NYGiants,3.0,24.0,46.0,48.0,1.5,3.0
2019-09-29,2019,LAChargers,Miami,30.0,10.0,45.0,44.0,16.5,14.5
2019-09-29,2019,Oakland,Indianapolis,31.0,24.0,44.0,46.5,6.5,5.5
2019-09-29,2019,KansasCity,Detroit,34.0,30.0,53.0,54.5,6.0,7.5
2019-09-29,2019,NewEngland,Buffalo,16.0,10.0,44.0,41.5,6.5,7.0
2019-09-29,2019,Tennessee,Atlanta,24.0,10.0,46.5,46.0,4.5,3.0
2019-09-29,2019,TampaBay,LARams,55.0,40.0,50.0,48.5,9.5,9.0
2019-09-29,2019,Seattle,Arizona,27.0,10.0,46.0,49.0,3.5,5.5
2019-09-29,2019,Minnesota,Chicago,6.0,16.0,39.0,38.5,3.0,0.0
2019-09-29,2019,Jacksonville,Denver,26.0,24.0,38.0,37.0,3.0,2.5
2019-09-29,2019,Dallas,NewOrleans,10.0,12.0,45.0,47.0,3.0,2.5
2019-09-30,2019,Cincinnati,Pittsburgh,3.0,27.0,43.5,44.5,4.5,3.5
2019-10-03,2019,LARams,Seattle,29.0,30.0,48.0,48.0,2.0,1.5
2019-10-06,2019,Baltimore,Pittsburgh,26.0,23.0,42.5,44.0,3.5,3.0
2019-10-06,2019,Chicago,Oakland,21.0,24.0,41.0,40.0,7.0,7.0
2019-10-06,2019,Arizona,Cincinnati,26.0,23.0,48.5,46.5,4.0,3.0
2019-10-06,2019,Jacksonville,Carolina,27.0,34.0,42.0,40.5,4.0,3.0
2019-10-06,2019,Minnesota,NYGiants,28.0,10.0,46.0,43.5,6.0,6.0
2019-10-06,2019,NewEngland,Washington,33.0,7.0,47.5,42.0,13.0,16.5
2019-10-06,2019,NYJets,Philadelphia,6.0,31.0,44.5,43.0,14.0,14.0
2019-10-06,2019,TampaBay,NewOrleans,24.0,31.0,47.0,46.5,5.5,3.0
2019-10-06,2019,Atlanta,Houston,32.0,53.0,49.5,49.5,3.5,4.0
2019-10-06,2019,Buffalo,Tennessee,14.0,7.0,38.0,38.5,2.5,3.5
2019-10-06,2019,Denver,LAChargers,20.0,13.0,44.0,45.5,6.5,4.5
2019-10-06,2019,GreenBay,Dallas,34.0,24.0,48.0,46.5,4.0,3.0
2019-10-06,2019,Indianapolis,KansasCity,19.0,13.0,54.0,55.5,9.0,10.5
2019-10-07,2019,Cleveland,SanFrancisco,3.0,31.0,47.0,48.0,5.0,5.0
2019-10-10,2019,NYGiants,NewEngland,14.0,35.0,46.5,43.0,15.0,17.0
2019-10-13,2019,Carolina,TampaBay,37.0,26.0,46.0,47.5,2.5,2.0
2019-10-13,2019,Cincinnati,Baltimore,17.0,23.0,48.0,47.0,10.5,10.5
2019-10-13,2019,Seattle,Cleveland,32.0,28.0,46.0,45.5,2.5,1.0
2019-10-13,2019,Houston,KansasCity,31.0,24.0,54.0,54.5,7.5,3.5
2019-10-13,2019,NewOrleans,Jacksonville,13.0,6.0,43.5,42.0,2.5,2.5
2019-10-13,2019,Philadelphia,Minnesota,20.0,38.0,44.0,45.0,3.0,3.5
2019-10-13,2019,Washington,Miami,17.0,16.0,41.0,42.5,5.0,6.0
2019-10-13,2019,SanFrancisco,LARams,20.0,7.0,48.5,50.0,4.0,3.0
2019-10-13,2019,Atlanta,Arizona,33.0,34.0,47.0,52.5,3.0,3.0
2019-10-13,2019,Dallas,NYJets,22.0,24.0,44.0,43.5,9.5,7.0
2019-10-13,2019,Tennessee,Denver,0.0,16.0,40.0,40.5,2.0,1.0
2019-10-13,2019,Pittsburgh,LAChargers,24.0,17.0,43.5,42.5,5.0,6.0
2019-10-14,2019,Detroit,GreenBay,22.0,23.0,46.5,46.5,6.5,3.5
2019-10-17,2019,KansasCity,Denver,30.0,6.0,50.5,49.5,5.5,3.0
2019-10-20,2019,Arizona,NYGiants,27.0,21.0,50.0,50.0,1.0,3.5
2019-10-20,2019,Houston,Indianapolis,23.0,30.0,47.5,46.5,1.0,1.5
2019-10-20,2019,Miami,Buffalo,21.0,31.0,41.0,42.0,17.0,17.0
2019-10-20,2019,Minnesota,Detroit,42.0,30.0,44.0,43.5,1.0,2.5
2019-10-20,2019,Oakland,GreenBay,24.0,42.0,46.0,47.5,7.5,6.0
2019-10-20,2019,Jacksonville,Cincinnati,27.0,17.0,47.5,44.0,4.5,4.5
2019-10-20,2019,LARams,Atlanta,37.0,10.0,52.5,54.5,3.5,3.0
2019-10-20,2019,SanFrancisco,Washington,9.0,0.0,43.0,38.5,10.0,10.0
2019-10-20,2019,LAChargers,Tennessee,20.0,23.0,40.5,42.5,2.5,3.0
2019-10-20,2019,Baltimore,Seattle,30.0,16.0,50.5,48.0,3.5,3.0
2019-10-20,2019,NewOrleans,Chicago,36.0,25.0,38.5,37.0,4.0,4.0
2019-10-20,2019,Philadelphia,Dallas,10.0,37.0,47.5,50.0,3.0,3.0
2019-10-21,2019,NewEngland,NYJets,33.0,0.0,43.0,43.0,10.0,9.5
2019-10-24,2019,Washington,Minnesota,9.0,19.0,40.0,41.5,14.0,16.5
2019-10-27,2019,NYGiants,Detroit,26.0,31.0,48.5,49.5,7.0,6.0
2019-10-27,2019,TampaBay,Tennessee,23.0,27.0,47.0,45.5,3.0,1.5
2019-10-27,2019,LAChargers,Chicago,17.0,16.0,40.5,41.0,4.5,3.5
2019-10-27,2019,Seattle,Atlanta,27.0,20.0,54.0,49.0,3.0,7.5
2019-10-27,2019,NYJets,Jacksonville,15.0,29.0,41.0,40.0,5.5,7.0
2019-10-27,2019,Philadelphia,Buffalo,31.0,13.0,41.5,38.5,2.5,1.0
2019-10-27,2019,Cincinnati,LARams,10.0,24.0,47.5,48.0,10.5,11.5
2019-10-27,2019,Arizona,NewOrleans,9.0,31.0,49.5,48.5,11.5,12.0
2019-10-27,2019,Oakland,Houston,24.0,27.0,48.0,52.5,5.5,5.0
2019-10-27,2019,Carolina,SanFrancisco,13.0,51.0,41.5,40.5,6.0,4.0
2019-10-27,2019,Denver,Indianapolis,13.0,15.0,43.5,42.0,5.0,6.0
2019-10-27,2019,Cleveland,NewEngland,13.0,27.0,46.5,42.5,11.0,10.0
2019-10-27,2019,GreenBay,KansasCity,31.0,24.0,48.0,48.0,3.5,5.0
2019-10-28,2019,Miami,Pittsburgh,14.0,27.0,42.5,44.0,17.0,14.0
2019-10-31,2019,SanFrancisco,Arizona,28.0,25.0,43.0,43.5,0.0,10.0
2019-11-03,2019,Houston,Jacksonville,26.0,3.0,47.0,46.0,3.0,1.0
2019-11-03,2019,Washington,Buffalo,9.0,24.0,36.5,37.0,10.0,10.5
2019-11-03,2019,Tennessee,Carolina,20.0,30.0,40.0,43.0,4.5,3.5
2019-11-03,2019,Chicago,Philadelphia,14.0,22.0,45.0,41.0,3.0,5.0
2019-11-03,2019,Minnesota,KansasCity,23.0,26.0,45.5,45.5,4.0,5.5
2019-11-03,2019,NYJets,Miami,18.0,26.0,41.0,42.5,5.5,3.5
2019-11-03,2019,Indianapolis,Pittsburgh,24.0,26.0,43.5,39.5,0.0,1.5
2019-11-03,2019,Detroit,Oakland,24.0,31.0,51.0,51.5,1.0,2.5
2019-11-03,2019,TampaBay,Seattle,34.0,40.0,53.5,51.0,5.5,4.0
2019-11-03,2019,Cleveland,Denver,19.0,24.0,43.0,39.0,1.0,4.0
2019-11-03,2019,GreenBay,LAChargers,11.0,26.0,46.0,50.5,3.5,4.5
2019-11-03,2019,NewEngland,Baltimore,20.0,37.0,46.5,44.0,4.5,3.0
2019-11-04,2019,Dallas,NYGiants,37.0,18.0,47.0,48.5,7.0,6.5
2019-11-07,2019,LAChargers,Oakland,24.0,26.0,47.5,49.0,2.5,1.5
2019-11-10,2019,KansasCity,Tennessee,32.0,35.0,47.5,49.0,6.0,5.5
2019-11-10,2019,Buffalo,Cleveland,16.0,19.0,42.5,42.0,3.0,3.0
2019-11-10,2019,Arizona,TampaBay,27.0,30.0,54.0,51.5,6.0,5.0
2019-11-10,2019,NYGiants,NYJets,27.0,34.0,41.0,43.0,0.0,3.0
2019-11-10,2019,Atlanta,NewOrleans,26.0,9.0,50.0,51.5,13.0,13.5
2019-11-10,2019,Baltimore,Cincinnati,49.0,13.0,46.0,44.5,10.0,10.5
2019-11-10,2019,Carolina,GreenBay,16.0,24.0,48.0,49.0,6.0,5.0
2019-11-10,2019,Detroit,Chicago,13.0,20.0,44.0,38.0,3.0,6.5
2019-11-10,2019,Miami,Indianapolis,16.0,12.0,44.0,44.5,16.0,11.0
2019-11-10,2019,LARams,Pittsburgh,12.0,17.0,45.5,43.5,3.0,4.5
2019-11-10,2019,Minnesota,Dallas,28.0,24.0,45.5,48.0,2.5,3.0
2019-11-11,2019,Seattle,SanFrancisco,27.0,24.0,44.0,47.0,6.5,6.5
2019-11-14,2019,Pittsburgh,Cleveland,7.0,21.0,41.5,41.5,2.5,3.0
2019-11-17,2019,Dallas,Detroit,35.0,27.0,51.5,46.5,3.5,7.0
2019-11-17,2019,NewOrleans,TampaBay,34.0,17.0,51.0,50.5,6.0,5.0
2019-11-17,2019,Atlanta,Carolina,29.0,3.0,54.0,49.5,7.0,3.5
2019-11-17,2019,Jacksonville,Indianapolis,13.0,33.0,44.0,42.0,3.5,2.5
2019-11-17,2019,Denver,Minnesota,23.0,27.0,38.5,40.5,10.5,9.5
2019-11-17,2019,NYJets,Washington,34.0,17.0,37.5,37.5,2.0,2.0
2019-11-17,2019,Buffalo,Miami,37.0,20.0,39.0,41.5,7.5,7.0
2019-11-17,2019,Houston,Baltimore,7.0,41.0,49.0,51.5,4.0,4.5
2019-11-17,2019,Arizona,SanFrancisco,26.0,36.0,44.0,44.0,13.5,9.5
2019-11-17,2019,NewEngland,Philadelphia,17.0,10.0,46.0,45.0,3.0,4.5
2019-11-17,2019,Cincinnati,Oakland,10.0,17.0,48.0,48.5,9.0,13.0
2019-11-17,2019,Chicago,LARams,7.0,17.0,42.0,40.0,8.0,5.0
2019-11-18,2019,KansasCity,LAChargers,24.0,17.0,49.0,52.0,4.0,6.0
2019-11-21,2019,Indianapolis,Houston,17.0,20.0,46.5,46.5,6.0,3.5
2019-11-24,2019,Miami,Cleveland,24.0,41.0,45.0,46.0,12.5,10.5
2019-11-24,2019,Denver,Buffalo,3.0,20.0,35.0,37.0,5.0,3.5
2019-11-24,2019,Pittsburgh,Cincinnati,16.0,10.0,40.0,37.0,7.0,6.0
2019-11-24,2019,NYGiants,Chicago,14.0,19.0,41.0,40.5,7.0,6.0
2019-11-24,2019,Oakland,NYJets,3.0,34.0,47.0,44.5,3.5,3.5
2019-11-24,2019,Carolina,NewOrleans,31.0,34.0,48.0,46.5,7.0,9.5
2019-11-24,2019,TampaBay,Atlanta,35.0,22.0,54.5,51.0,2.5,3.0
2019-11-24,2019,Detroit,Washington,16.0,19.0,42.0,39.5,2.0,4.0
2019-11-24,2019,Jacksonville,Tennessee,20.0,42.0,41.0,42.0,3.0,4.5
2019-11-24,2019,Dallas,NewEngland,9.0,13.0,47.0,45.0,7.0,6.0
2019-11-24,2019,GreenBay,SanFrancisco,8.0,37.0,44.0,48.0,4.0,3.0
2019-11-24,2019,Seattle,Philadelphia,17.0,9.0,49.0,46.0,3.0,1.0
2019-11-25,2019,Baltimore,LARams,45.0,6.0,49.0,46.5,1.0,3.5
2019-11-28,2019,Chicago,Detroit,24.0,20.0,41.0,37.0,1.0,5.5
2019-11-28,2019,Buffalo,Dallas,26.0,15.0,45.0,47.0,8.0,6.5
2019-11-28,2019,NewOrleans,Atlanta,26.0,18.0,48.0,47.5,5.0,7.0
2019-12-01,2019,GreenBay,NYGiants,31.0,13.0,47.0,43.5,7.5,6.5
2019-12-01,2019,Washington,Carolina,29.0,21.0,41.0,38.5,9.5,10.5
2019-12-01,2019,SanFrancisco,Baltimore,17.0,20.0,46.0,45.5,4.5,5.5
2019-12-01,2019,Tennessee,Indianapolis,31.0,17.0,42.0,41.5,3.5,1.0
2019-12-01,2019,Philadelphia,Miami,31.0,37.0,46.5,44.5,9.0,10.0
2019-12-01,2019,Oakland,KansasCity,9.0,40.0,54.5,49.5,9.0,11.0
2019-12-01,2019,TampaBay,Jacksonville,28.0,11.0,49.0,46.0,3.5,3.0
2019-12-01,2019,NYJets,Cincinnati,6.0,22.0,41.0,43.0,3.0,2.5
2019-12-01,2019,LARams,Arizona,34.0,7.0,47.0,47.5,4.5,2.5
2019-12-01,2019,LAChargers,Denver,20.0,23.0,38.0,38.5,1.0,4.5
2019-12-01,2019,Cleveland,Pittsburgh,13.0,20.0,40.5,40.0,3.0,1.0
2019-12-01,2019,NewEngland,Houston,22.0,28.0,44.5,47.0,4.5,3.0
2019-12-02,2019,Minnesota,Seattle,30.0,37.0,49.0,48.5,2.5,3.0
2019-12-05,2019,Dallas,Chicago,24.0,31.0,42.5,43.0,3.0,3.0
2019-12-08,2019,Baltimore,Buffalo,24.0,17.0,43.0,44.5,6.5,6.0
2019-12-08,2019,Washington,GreenBay,15.0,20.0,42.0,42.5,14.5,13.0
2019-12-08,2019,Denver,Houston,38.0,24.0,8.0,42.5,0.5,8.0
2019-12-08,2019,SanFrancisco,NewOrleans,48.0,46.0,45.5,45.0,3.0,1.5
2019-12-08,2019,Cincinnati,Cleveland,19.0,27.0,43.0,43.5,10.5,6.5
2019-12-08,2019,Carolina,Atlanta,20.0,40.0,48.5,48.0,1.5,3.5
2019-12-08,2019,Detroit,Minnesota,7.0,20.0,44.0,44.5,13.0,12.0
2019-12-08,2019,Miami,NYJets,21.0,22.0,44.0,47.5,7.5,5.0
2019-12-08,2019,Indianapolis,TampaBay,35.0,38.0,50.5,47.0,2.0,3.0
2019-12-08,2019,LAChargers,Jacksonville,45.0,10.0,44.5,41.5,1.0,3.0
2019-12-08,2019,KansasCity,NewEngland,23.0,16.0,50.5,49.0,3.5,3.0
2019-12-08,2019,Pittsburgh,Arizona,23.0,17.0,43.0,43.5,2.5,1.5
2019-12-08,2019,Tennessee,Oakland,42.0,21.0,46.5,47.0,1.0,3.0
2019-12-08,2019,Seattle,LARams,12.0,28.0,46.5,48.0,2.5,1.5
2019-12-09,2019,NYGiants,Philadelphia,17.0,23.0,46.5,45.5,8.5,9.0
2019-12-12,2019,NYJets,Baltimore,21.0,42.0,44.0,43.5,14.5,17.0
2019-12-15,2019,TampaBay,Detroit,38.0,17.0,47.5,46.5,3.0,6.0
2019-12-15,2019,Philadelphia,Washington,37.0,27.0,40.0,39.0,6.0,6.5
2019-12-15,2019,Chicago,GreenBay,13.0,21.0,41.0,40.5,6.5,4.5
2019-12-15,2019,NewEngland,Cincinnati,34.0,13.0,40.0,42.0,11.0,10.5
2019-12-15,2019,Houston,Tennessee,24.0,21.0,47.5,50.0,2.5,3.0
2019-12-15,2019,Seattle,Carolina,30.0,24.0,48.5,49.0,5.0,6.0
2019-12-15,2019,Denver,KansasCity,3.0,23.0,46.5,42.5,13.0,9.0
2019-12-15,2019,Miami,NYGiants,20.0,36.0,48.0,46.5,3.5,3.5
2019-12-15,2019,Buffalo,Pittsburgh,17.0,10.0,37.0,37.0,0.0,1.0
2019-12-15,2019,Jacksonville,Oakland,20.0,16.0,44.5,47.0,4.0,7.0
2019-12-15,2019,Cleveland,Arizona,24.0,38.0,47.0,49.0,3.0,3.0
2019-12-15,2019,Atlanta,SanFrancisco,29.0,22.0,45.5,49.5,12.0,10.0
2019-12-15,2019,LARams,Dallas,21.0,44.0,47.0,48.5,3.0,1.0
2019-12-15,2019,Minnesota,LAChargers,39.0,10.0,46.0,45.0,3.0,1.5
2019-12-16,2019,Indianapolis,NewOrleans,7.0,34.0,44.0,49.5,8.5,8.0
2019-12-21,2019,LARams,SanFrancisco,31.0,34.0,46.5,45.5,6.0,7.0
2019-12-21,2019,Buffalo,NewEngland,17.0,24.0,38.5,39.0,6.5,6.5
2019-12-21,2019,Houston,TampaBay,23.0,20.0,53.0,50.5,0.0,3.0
2019-12-22,2019,Detroit,Denver,17.0,27.0,37.5,40.0,6.5,8.0
2019-12-22,2019,Oakland,LAChargers,24.0,17.0,47.0,45.0,6.5,7.5
2019-12-22,2019,Jacksonville,Atlanta,12.0,24.0,46.0,48.0,7.0,7.0
2019-12-22,2019,NewOrleans,Tennessee,38.0,28.0,51.0,48.5,1.0,3.0
2019-12-22,2019,NYGiants,Washington,41.0,35.0,41.0,42.5,2.0,1.5
2019-12-22,2019,Pittsburgh,NYJets,10.0,16.0,38.5,36.5,3.0,3.0
2019-12-22,2019,Cincinnati,Miami,35.0,38.0,45.5,45.5,2.5,1.5
2019-12-22,2019,Carolina,Indianapolis,6.0,38.0,46.5,46.5,6.5,7.0
2019-12-22,2019,Baltimore,Cleveland,31.0,15.0,49.0,49.0,7.0,10.0
2019-12-22,2019,Dallas,Philadelphia,9.0,17.0,47.5,46.5,1.0,2.5
2019-12-22,2019,Arizona,Seattle,27.0,13.0,48.5,51.0,10.0,7.5
2019-12-22,2019,KansasCity,Chicago,26.0,3.0,45.0,45.5,4.0,7.0
2019-12-23,2019,GreenBay,Minnesota,23.0,10.0,46.5,47.0,4.5,4.5
2019-12-29,2019,Tennessee,Houston,35.0,14.0,49.0,43.0,1.0,10.0
2019-12-29,2019,Cleveland,Cincinnati,23.0,33.0,46.0,44.0,3.0,2.5
2019-12-29,2019,Chicago,Minnesota,21.0,19.0,41.5,35.5,7.0,5.0
2019-12-29,2019,Indianapolis,Jacksonville,20.0,38.0,44.5,41.5,1.0,5.5
2019-12-29,2019,Atlanta,TampaBay,28.0,22.0,50.5,48.5,2.5,1.5
2019-12-29,2019,Washington,Dallas,16.0,47.0,44.0,47.0,14.0,12.0
2019-12-29,2019,NewOrleans,Carolina,42.0,10.0,48.0,45.0,11.0,14.5
2019-12-29,2019,Philadelphia,NYGiants,34.0,17.0,45.0,44.5,4.0,3.5
2019-12-29,2019,Pittsburgh,Baltimore,10.0,28.0,40.5,35.0,2.5,2.0
2019-12-29,2019,NYJets,Buffalo,13.0,6.0,37.0,37.0,5.5,1.5
2019-12-29,2019,Miami,NewEngland,27.0,24.0,43.5,45.5,16.5,17.0
2019-12-29,2019,GreenBay,Detroit,23.0,20.0,41.5,44.0,10.0,13.5
2019-12-29,2019,LAChargers,KansasCity,21.0,31.0,48.0,46.0,7.0,10.0
2019-12-29,2019,Arizona,LARams,24.0,31.0,49.0,46.0,7.0,6.5
2019-12-29,2019,SanFrancisco,Seattle,26.0,21.0,47.0,47.0,0.0,3.5
2019-12-29,2019,Oakland,Denver,15.0,16.0,41.5,41.0,4.5,5.0
2020-01-04,2019,Buffalo,Houston,19.0,22.0,41.0,43.0,3.0,2.5
2020-01-04,2019,Tennessee,NewEngland,20.0,13.0,42.5,45.5,5.5,5.0
2020-01-05,2019,Minnesota,NewOrleans,26.0,20.0,47.0,49.5,7.0,7.0
2020-01-05,2019,Seattle,Philadelphia,17.0,9.0,46.0,44.0,1.0,1.0
2020-01-11,2019,Minnesota,SanFrancisco,10.0,27.0,45.5,44.5,6.5,7.0
2020-01-11,2019,Tennessee,Baltimore,28.0,12.0,48.0,47.5,9.5,10.0
2020-01-12,2019,Houston,KansasCity,31.0,51.0,48.0,51.0,7.5,10.0
2020-01-12,2019,Seattle,GreenBay,23.0,28.0,47.0,45.5,3.5,5.0
2020-01-19,2019,GreenBay,SanFrancisco,20.0,37.0,44.5,47.0,7.0,7.5
2020-01-19,2019,Tennessee,KansasCity,24.0,35.0,51.5,51.5,7.5,7.0
2020-02-02,2019,SanFrancisco,KansasCity,20.0,31.0,51.0,53.0,0.0,2.0
2020-09-10,2020,Houston,KansasCity,20.0,34.0,54.0,53.5,9.5,9.5
2020-09-13,2020,Miami,NewEngland,11.0,21.0,43.0,41.5,7.0,7.0
2020-09-13,2020,Cleveland,Baltimore,6.0,38.0,48.5,47.5,8.5,7.0
2020-09-13,2020,NYJets,Buffalo,17.0,27.0,39.5,39.0,6.0,6.5
2020-09-13,2020,LasVegas,Carolina,34.0,30.0,47.0,48.0,1.5,3.0
2020-09-13,2020,Seattle,Atlanta,38.0,25.0,49.5,49.5,1.0,1.0
2020-09-13,2020,Philadelphia,Washington,17.0,27.0,44.0,41.5,6.5,5.5
2020-09-13,2020,Chicago,Detroit,27.0,23.0,43.5,42.5,1.0,2.5
2020-09-13,2020,Indianapolis,Jacksonville,20.0,27.0,44.5,44.0,6.5,7.0
2020-09-13,2020,GreenBay,Minnesota,43.0,34.0,46.0,44.5,3.0,1.5
2020-09-13,2020,LAChargers,Cincinnati,16.0,13.0,44.0,41.0,3.0,2.0
2020-09-13,2020,Arizona,SanFrancisco,24.0,20.0,46.5,48.5,7.0,6.5
2020-09-13,2020,TampaBay,NewOrleans,23.0,34.0,49.5,48.5,4.0,4.0
2020-09-13,2020,Dallas,LARams,17.0,20.0,49.5,52.0,2.5,0.0
2020-09-14,2020,Pittsburgh,NYGiants,26.0,16.0,46.5,44.0,3.5,6.0
2020-09-14,2020,Tennessee,Denver,16.0,14.0,42.0,41.0,1.0,3.0
2020-09-17,2020,Cincinnati,Cleveland,30.0,35.0,46.0,43.5,7.5,6.0
2020-09-20,2020,LARams,Philadelphia,37.0,19.0,48.5,46.0,3.5,2.0
2020-09-20,2020,Carolina,TampaBay,17.0,31.0,48.5,47.0,8.0,8.0
2020-09-20,2020,Denver,Pittsburgh,21.0,26.0,43.0,41.0,5.5,6.5
2020-09-20,2020,Atlanta,Dallas,39.0,40.0,50.0,53.5,7.0,2.5
2020-09-20,2020,SanFrancisco,NYJets,31.0,13.0,43.5,41.5,6.0,7.0
2020-09-20,2020,Buffalo,Miami,31.0,28.0,43.0,42.5,3.5,5.5
2020-09-20,2020,Minnesota,Indianapolis,11.0,28.0,46.0,49.0,2.5,3.5
2020-09-20,2020,Detroit,GreenBay,21.0,42.0,46.0,51.0,6.0,6.5
2020-09-20,2020,NYGiants,Chicago,13.0,17.0,43.0,43.0,5.5,4.5
2020-09-20,2020,Jacksonville,Tennessee,30.0,33.0,11.0,45.0,4.0,7.0
2020-09-20,2020,Washington,Arizona,15.0,30.0,46.5,46.5,6.0,7.0
2020-09-20,2020,Baltimore,Houston,33.0,16.0,53.5,49.0,5.5,7.5
2020-09-20,2020,KansasCity,LAChargers,23.0,20.0,50.5,47.5,6.5,8.5
2020-09-20,2020,NewEngland,Seattle,30.0,35.0,44.0,45.0,3.0,4.5
2020-09-21,2020,NewOrleans,LasVegas,24.0,34.0,50.5,47.0,4.5,3.5
2020-09-24,2020,Miami,Jacksonville,31.0,13.0,44.0,49.0,1.5,2.5
2020-09-27,2020,LasVegas,NewEngland,20.0,36.0,48.0,47.0,3.5,7.0
2020-09-27,2020,LARams,Buffalo,32.0,35.0,44.5,46.5,3.0,2.0
2020-09-27,2020,Houston,Pittsburgh,21.0,28.0,45.0,46.5,5.5,3.5
2020-09-27,2020,SanFrancisco,NYGiants,36.0,9.0,42.5,44.0,6.5,3.0
2020-09-27,2020,Tennessee,Minnesota,31.0,30.0,45.5,49.0,1.0,2.5
2020-09-27,2020,Washington,Cleveland,20.0,34.0,45.5,45.0,4.0,7.0
2020-09-27,2020,Cincinnati,Philadelphia,23.0,23.0,45.5,47.0,5.5,5.5
2020-09-27,2020,Chicago,Atlanta,30.0,26.0,48.0,46.5,3.0,2.5
2020-09-27,2020,NYJets,Indianapolis,7.0,36.0,45.0,44.0,6.5,11.5
2020-09-27,2020,Carolina,LAChargers,21.0,16.0,44.0,43.5,6.0,6.0
2020-09-27,2020,Detroit,Arizona,26.0,23.0,51.0,55.5,3.5,5.0
2020-09-27,2020,TampaBay,Denver,28.0,10.0,44.5,42.5,3.5,6.0
2020-09-27,2020,Dallas,Seattle,31.0,38.0,56.0,56.5,3.0,5.5
2020-09-27,2020,GreenBay,NewOrleans,37.0,30.0,54.5,52.0,4.5,3.5
2020-09-28,2020,KansasCity,Baltimore,34.0,20.0,52.0,55.0,1.5,3.5
2020-10-01,2020,Denver,NYJets,37.0,28.0,41.0,41.0,2.0,1.0
2020-10-04,2020,Indianapolis,Chicago,19.0,11.0,45.0,43.0,1.0,3.5
2020-10-04,2020,NewOrleans,Detroit,35.0,29.0,56.0,52.5,5.5,3.0
2020-10-04,2020,Arizona,Carolina,21.0,31.0,51.0,52.0,4.0,3.0
2020-10-04,2020,Jacksonville,Cincinnati,25.0,33.0,48.0,49.0,3.0,1.0
2020-10-04,2020,Cleveland,Dallas,49.0,38.0,54.0,56.5,5.5,3.5
2020-10-04,2020,Minnesota,Houston,31.0,23.0,49.5,52.5,3.0,3.5
2020-10-04,2020,Seattle,Miami,31.0,23.0,54.0,55.0,7.0,4.0
2020-10-04,2020,LAChargers,TampaBay,31.0,38.0,45.5,42.0,5.0,7.0
2020-10-04,2020,Baltimore,Washington,31.0,17.0,47.0,44.5,13.0,14.0
2020-10-04,2020,NYGiants,LARams,9.0,17.0,47.0,50.0,10.0,13.5
2020-10-04,2020,Buffalo,LasVegas,30.0,23.0,49.5,52.5,1.5,3.0
2020-10-04,2020,Philadelphia,SanFrancisco,25.0,20.0,45.5,45.5,5.5,8.0
2020-10-05,2020,Atlanta,GreenBay,16.0,30.0,58.0,56.5,6.0,5.0
2020-10-05,2020,NewEngland,KansasCity,10.0,26.0,50.0,48.5,11.5,11.5
2020-10-08,2020,TampaBay,Chicago,19.0,20.0,45.5,44.0,3.0,3.5
2020-10-11,2020,Carolina,Atlanta,23.0,16.0,54.5,54.0,3.5,2.5
2020-10-11,2020,LVRaiders,KCChiefs,40.0,32.0,58.0,54.5,11.5,10.5
2020-10-11,2020,LARams,Washington,30.0,10.0,46.0,44.5,9.5,7.0
2020-10-11,2020,Jacksonville,Houston,14.0,30.0,52.5,54.5,6.5,6.0
2020-10-11,2020,Arizona,NYJets,30.0,10.0,46.0,48.5,8.5,7.0
2020-10-11,2020,Philadelphia,Pittsburgh,29.0,38.0,46.5,44.5,7.0,7.5
2020-10-11,2020,Cincinnati,Baltimore,3.0,27.0,50.5,49.5,13.0,12.5
2020-10-11,2020,Miami,SanFrancisco,43.0,17.0,48.5,50.5,9.0,8.0
2020-10-11,2020,NYGiants,Dallas,34.0,37.0,53.0,52.5,11.5,7.5
2020-10-11,2020,Indianapolis,Cleveland,23.0,32.0,47.0,48.5,2.5,1.0
2020-10-11,2020,Minnesota,Seattle,26.0,27.0,58.0,54.0,9.5,6.5
2020-10-12,2020,LAChargers,NewOrleans,27.0,30.0,52.0,49.0,7.5,7.0
2020-10-13,2020,Buffalo,Tennessee,16.0,42.0,54.0,52.0,2.0,3.0
2020-10-18,2020,Chicago,Carolina,23.0,16.0,44.5,45.0,2.5,2.0
2020-10-18,2020,Detroit,Jacksonville,34.0,16.0,53.5,53.0,1.5,3.0
2020-10-18,2020,Atlanta,Minnesota,40.0,23.0,57.0,53.5,3.5,3.5
2020-10-18,2020,Houston,Tennessee,36.0,42.0,55.0,52.5,3.0,3.5
2020-10-18,2020,Washington,NYGiants,19.0,20.0,44.5,42.0,2.5,1.0
2020-10-18,2020,Cleveland,Pittsburgh,7.0,38.0,50.5,50.0,4.0,3.0
2020-10-18,2020,Baltimore,Philadelphia,30.0,28.0,48.5,46.5,7.0,10.0
2020-10-18,2020,Cincinnati,Indianapolis,27.0,31.0,46.5,46.0,7.5,7.5
2020-10-18,2020,GreenBay,TampaBay,10.0,38.0,51.5,55.0,2.5,2.5
2020-10-18,2020,LARams,SanFrancisco,16.0,24.0,49.0,51.0,3.0,2.0
2020-10-18,2020,NYJets,Miami,0.0,24.0,50.0,46.5,9.0,9.0
2020-10-18,2020,Denver,NewEngland,18.0,12.0,46.5,44.0,9.5,7.5
2020-10-19,2020,Arizona,Dallas,38.0,10.0,52.0,56.0,3.0,1.5
2020-10-19,2020,KansasCity,Buffalo,26.0,17.0,58.0,54.5,3.5,5.5
2020-10-22,2020,NYGiants,Philadelphia,21.0,22.0,45.5,44.5,6.5,5.0
2020-10-25,2020,Cleveland,Cincinnati,37.0,34.0,51.5,49.5,4.5,4.5
2020-10-25,2020,Dallas,Washington,3.0,25.0,48.0,44.5,3.0,1.5
2020-10-25,2020,Detroit,Atlanta,23.0,22.0,56.5,55.0,2.0,1.0
2020-10-25,2020,Carolina,NewOrleans,24.0,27.0,51.0,50.5,6.5,7.0
2020-10-25,2020,Buffalo,NYJets,18.0,10.0,47.0,46.5,9.5,9.5
2020-10-25,2020,GreenBay,Houston,35.0,20.0,55.5,55.5,3.5,3.0
2020-10-25,2020,Seattle,Arizona,34.0,37.0,56.0,55.5,3.5,3.5
2020-10-25,2020,SanFrancisco,NewEngland,33.0,6.0,46.0,44.5,5.0,3.0
2020-10-25,2020,KansasCity,Denver,43.0,16.0,49.0,45.5,9.5,7.0
2020-10-25,2020,TampaBay,LasVegas,45.0,20.0,54.0,51.5,2.0,4.0
2020-10-25,2020,Pittsburgh,Tennessee,27.0,24.0,51.0,51.0,7.0,1.0
2020-10-25,2020,Jacksonville,LAChargers,29.0,39.0,49.0,49.0,6.5,7.5
2020-10-26,2020,Chicago,LARams,10.0,24.0,47.0,44.5,6.5,6.5
2020-10-29,2020,Atlanta,Carolina,25.0,17.0,51.5,52.0,3.0,1.5
2020-11-01,2020,Indianapolis,Detroit,41.0,21.0,51.0,49.0,3.0,3.5
2020-11-01,2020,Minnesota,GreenBay,28.0,22.0,56.0,48.0,5.5,6.0
2020-11-01,2020,NewEngland,Buffalo,21.0,24.0,46.0,41.0,3.0,4.5
2020-11-01,2020,Tennessee,Cincinnati,20.0,31.0,54.5,49.0,4.0,7.0
2020-11-01,2020,LasVegas,Cleveland,16.0,6.0,55.5,47.5,3.0,1.0
2020-11-01,2020,NYJets,KansasCity,9.0,35.0,47.5,49.0,21.0,19.5
2020-11-01,2020,LARams,Miami,17.0,28.0,47.0,46.5,3.5,3.5
2020-11-01,2020,NewOrleans,Chicago,26.0,23.0,46.5,41.0,2.5,5.5
2020-11-01,2020,SanFrancisco,Seattle,27.0,37.0,54.0,54.5,5.0,1.0
2020-11-01,2020,Dallas,Philadelphia,9.0,23.0,43.0,43.5,4.0,10.0
2020-11-01,2020,LAChargers,Denver,30.0,31.0,44.5,44.5,0.0,3.0
2020-11-01,2020,Pittsburgh,Baltimore,28.0,24.0,48.0,44.5,5.0,4.0
2020-11-02,2020,TampaBay,NYGiants,25.0,23.0,47.5,46.5,9.5,12.5
2020-11-05,2020,GreenBay,SanFrancisco,34.0,17.0,50.5,48.0,0.0,6.0
2020-11-08,2020,Seattle,Buffalo,34.0,44.0,55.5,55.0,1.5,3.0
2020-11-08,2020,Denver,Atlanta,27.0,34.0,47.0,50.5,4.0,4.0
2020-11-08,2020,Chicago,Tennessee,17.0,24.0,46.0,47.0,6.5,6.0
2020-11-08,2020,Detroit,Minnesota,20.0,34.0,56.0,51.5,2.0,3.5
2020-11-08,2020,Baltimore,Indianapolis,24.0,10.0,44.0,48.0,4.0,1.0
2020-11-08,2020,Carolina,Kansas,31.0,33.0,49.0,51.5,10.0,10.0
2020-11-08,2020,Houston,Jacksonville,27.0,25.0,56.0,48.0,4.0,6.5
2020-11-08,2020,NYGiants,Washington,23.0,20.0,41.5,43.0,3.5,3.0
2020-11-08,2020,LasVegas,LAChargers,31.0,26.0,56.0,52.5,3.0,1.0
2020-11-08,2020,Pittsburgh,Dallas,24.0,19.0,41.5,44.0,13.5,14.5
2020-11-08,2020,Miami,Arizona,34.0,31.0,46.5,49.0,6.0,6.0
2020-11-08,2020,NewOrleans,Tampa,38.0,3.0,56.0,51.0,4.5,3.0
2020-11-09,2020,NewEngland,NYJets,30.0,27.0,41.5,42.0,7.0,8.5
2020-11-12,2020,Indianapolis,Tennessee,34.0,17.0,50.5,49.0,1.0,1.5
2020-11-15,2020,Cincinnati,Pittsburgh,10.0,36.0,49.0,45.5,10.5,6.5
2020-11-15,2020,Washington,Detroit,27.0,30.0,46.5,45.5,3.5,2.5
2020-11-15,2020,Houston,Cleveland,7.0,10.0,55.5,46.0,2.0,4.5
2020-11-15,2020,Jacksonville,GreenBay,20.0,24.0,55.5,47.0,14.0,13.5
2020-11-15,2020,Philadelphia,NYGiants,17.0,27.0,41.0,46.0,3.0,4.5
2020-11-15,2020,TampaBay,Carolina,46.0,23.0,47.0,49.5,6.5,6.0
2020-11-15,2020,Denver,LasVegas,12.0,37.0,51.0,50.5,4.0,3.5
2020-11-15,2020,Buffalo,Arizona,30.0,32.0,49.0,56.0,3.0,3.0
2020-11-15,2020,Seattle,LARams,16.0,23.0,53.5,55.0,1.0,2.5
2020-11-15,2020,SanFrancisco,NewOrleans,13.0,27.0,53.5,49.0,6.5,9.5
2020-11-15,2020,Baltimore,NewEngland,17.0,23.0,40.0,44.0,7.0,7.0
2020-11-15,2020,LAChargers,Miami,21.0,29.0,47.0,49.0,2.0,1.5
2020-11-16,2020,Minnesota,Chicago,19.0,13.0,45.0,44.5,2.5,3.0
2020-11-19,2020,Arizona,Seattle,21.0,28.0,59.0,56.5,5.0,3.0
2020-11-22,2020,Philadelphia,Cleveland,17.0,22.0,47.0,45.5,2.0,2.5
2020-11-22,2020,Atlanta,NewOrleans,9.0,24.0,51.5,49.5,7.0,3.5
2020-11-22,2020,Detroit,Carolina,0.0,20.0,47.0,47.5,3.0,3.0
2020-11-22,2020,NewEngland,Houston,20.0,27.0,47.0,49.5,2.5,2.5
2020-11-22,2020,Pittsburgh,Jacksonville,27.0,3.0,46.0,47.5,9.5,10.5
2020-11-22,2020,GreenBay,Indianapolis,31.0,34.0,50.0,52.0,2.0,1.5
2020-11-22,2020,Cincinnati,Washington,9.0,20.0,46.0,47.5,0.0,1.5
2020-11-22,2020,Tennessee,Baltimore,30.0,24.0,47.0,50.5,6.5,6.0
2020-11-22,2020,Dallas,Minnesota,31.0,28.0,47.0,50.0,9.5,7.0
2020-11-22,2020,KansasCity,LasVegas,35.0,31.0,58.0,56.5,7.0,8.0
2020-11-22,2020,Miami,Denver,13.0,20.0,46.5,46.0,1.0,4.0
2020-11-22,2020,NYJets,LAChargers,28.0,34.0,47.0,47.5,10.0,9.5
2020-11-23,2020,LARams,TampaBay,27.0,24.0,49.0,47.5,3.0,4.5
2020-11-26,2020,Houston,Detroit,41.0,25.0,52.0,52.0,2.0,3.0
2020-11-26,2020,Washington,Dallas,41.0,16.0,47.0,46.0,2.0,2.5
2020-11-29,2020,LasVegas,Atlanta,6.0,43.0,56.0,53.0,0.0,3.5
2020-11-29,2020,Arizona,NewEngland,17.0,20.0,48.0,50.5,1.0,1.0
2020-11-29,2020,NYGiants,Cincinnati,19.0,17.0,45.0,45.0,2.5,6.5
2020-11-29,2020,Cleveland,Jacksonville,27.0,25.0,47.0,48.0,6.0,7.5
2020-11-29,2020,Carolina,Minnesota,27.0,28.0,50.0,50.0,3.5,3.0
2020-11-29,2020,Tennessee,Indianapolis,45.0,26.0,50.0,51.0,4.0,3.0
2020-11-29,2020,LAChargers,Buffalo,17.0,27.0,50.0,51.5,6.0,4.0
2020-11-29,2020,Miami,NYJets,20.0,3.0,46.0,46.0,7.0,7.5
2020-11-29,2020,NewOrleans,Denver,31.0,3.0,46.0,36.5,5.5,16.5
2020-11-29,2020,SanFrancisco,LARams,23.0,20.0,46.5,44.5,7.0,5.0
2020-11-29,2020,KansasCity,TampaBay,27.0,24.0,54.0,56.5,3.0,3.5
2020-11-29,2020,Chicago,GreenBay,25.0,41.0,44.5,44.5,7.5,7.5
2020-11-30,2020,Seattle,Philadelphia,23.0,17.0,53.0,49.5,3.5,6.5
2020-12-02,2020,Baltimore,Pittsburgh,14.0,19.0,41.5,40.5,9.5,10.5
2020-12-06,2020,Detroit,Chicago,34.0,30.0,45.0,44.0,3.0,3.0
2020-12-06,2020,Cincinnati,Miami,7.0,19.0,42.0,43.0,12.0,10.0
2020-12-06,2020,Indianapolis,Houston,26.0,20.0,50.5,50.5,3.0,3.0
2020-12-06,2020,Jacksonville,Minnesota,24.0,27.0,51.0,51.5,10.5,10.0
2020-12-06,2020,LasVegas,NYJets,31.0,28.0,47.0,48.5,9.0,7.5
2020-12-06,2020,NewOrleans,Atlanta,21.0,16.0,45.0,45.5,3.0,2.5
2020-12-06,2020,Cleveland,Tennessee,41.0,35.0,53.5,54.0,6.0,3.5
2020-12-06,2020,NYGiants,Seattle,17.0,12.0,47.5,48.0,10.0,11.0
2020-12-06,2020,LARams,Arizona,38.0,28.0,48.0,48.5,3.0,3.0
2020-12-06,2020,Philadelphia,GreenBay,16.0,30.0,48.0,50.0,8.5,8.5
2020-12-06,2020,NewEngland,LAChargers,45.0,0.0,48.0,47.0,0.0,2.0
2020-12-06,2020,Denver,KansasCity,16.0,22.0,51.0,51.0,14.0,13.0
2020-12-07,2020,Buffalo,SanFrancisco,34.0,24.0,47.5,47.5,1.0,1.5
2020-12-07,2020,Washingtom,Pittsburgh,23.0,17.0,41.5,43.5,9.0,5.5
2020-12-08,2020,Dallas,Baltimore,17.0,34.0,46.0,45.5,9.0,8.5
2020-12-10,2020,NewEngland,LARams,3.0,24.0,44.5,43.0,6.5,4.5
2020-12-13,2020,GreenBay,Detroit,31.0,24.0,54.0,55.5,8.0,8.5
2020-12-13,2020,Tennessee,Jacksonville,31.0,10.0,53.0,52.5,7.5,7.5
2020-12-13,2020,Dallas,Cincinnati,30.0,7.0,44.0,44.0,4.0,3.0
2020-12-13,2020,Arizona,NYGiants,26.0,7.0,45.0,47.5,1.5,3.0
2020-12-13,2020,Houston,Chicago,7.0,36.0,46.0,46.0,3.0,1.5
2020-12-13,2020,Denver,Carolina,32.0,27.0,46.0,45.5,3.0,4.0
2020-12-13,2020,Minnesota,TampaBay,14.0,26.0,51.5,52.5,6.0,7.0
2020-12-13,2020,KansasCity,Miami,33.0,27.0,49.0,51.5,7.5,7.0
2020-12-13,2020,Indianapolis,LasVegas,44.0,27.0,52.0,52.0,2.5,2.5
2020-12-13,2020,NYJets,Seattle,3.0,40.0,47.5,48.5,14.0,16.0
2020-12-13,2020,Atlanta,LAChargers,17.0,20.0,48.5,49.0,2.5,1.0
2020-12-13,2020,NewOrleans,Philadelphia,21.0,24.0,46.0,42.0,7.0,7.5
2020-12-13,2020,Washingtom,SanFrancisco,23.0,15.0,43.5,43.5,3.5,3.0
2020-12-13,2020,Pittsburgh,Buffalo,15.0,26.0,47.5,49.0,0.0,2.0
2020-12-14,2020,Baltimore,Cleveland,47.0,42.0,48.0,45.5,2.5,3.0
2020-12-17,2020,LAChargers,LasVegas,30.0,27.0,55.0,52.5,3.5,3.0
2020-12-19,2020,Carolina,GreenBay,16.0,24.0,51.0,53.0,9.5,10.5
2020-12-19,2020,Buffalo,Denver,48.0,19.0,48.0,48.0,5.0,6.0
2020-12-20,2020,Houston,Indianapolis,20.0,27.0,52.5,52.5,6.5,9.0
2020-12-20,2020,Detroit,Tennessee,25.0,46.0,51.5,54.0,8.5,10.0
2020-12-20,2020,NYJets,LARams,23.0,20.0,44.5,44.5,13.5,17.0
2020-12-20,2020,TampaBay,Atlanta,31.0,27.0,51.0,49.5,1.5,7.0
2020-12-20,2020,NewEngland,Miami,12.0,22.0,44.0,40.0,3.0,0.0
2020-12-20,2020,Seattle,Washington,20.0,15.0,43.5,44.0,3.0,7.0
2020-12-20,2020,Chicago,Minnesota,33.0,27.0,47.0,47.0,6.5,2.5
2020-12-20,2020,Jacksonville,Baltimore,14.0,40.0,46.0,49.0,11.0,13.5
2020-12-20,2020,Cleveland,NYGiants,20.0,6.0,46.0,44.5,3.0,7.0
2020-12-20,2020,Philadelphia,Arizona,26.0,33.0,47.5,49.5,6.5,7.0
2020-12-20,2020,KansasCity,NewOrleans,32.0,29.0,50.0,53.5,3.0,3.0
2020-12-20,2020,SanFrancisco,Dallas,33.0,41.0,45.5,45.5,2.5,3.5
2020-12-21,2020,Pittsburgh,Cincinnati,17.0,27.0,41.5,40.5,11.5,16.0
2020-12-25,2020,Minnesota,NewOrleans,33.0,52.0,52.5,49.5,6.5,7.0
2020-12-26,2020,TampaBay,Detroit,47.0,7.0,54.0,55.0,7.5,13.5
2020-12-26,2020,SanFrancisco,Arizona,20.0,12.0,50.5,49.0,3.0,7.0
2020-12-26,2020,Miami,LasVegas,26.0,25.0,47.0,50.5,1.5,0.0
2020-12-27,2020,Denver,LAChargers,16.0,19.0,50.0,47.5,2.5,2.0
2020-12-27,2020,Cleveland,NYJets,16.0,23.0,45.0,45.0,10.5,7.0
2020-12-27,2020,Cincinnati,Houston,37.0,31.0,46.5,46.0,8.5,9.0
2020-12-27,2020,Indianapolis,Pittsburgh,24.0,28.0,46.0,42.5,3.0,0.0
2020-12-27,2020,Chicago,Jacksonville,41.0,17.0,47.0,47.0,3.5,10.0
2020-12-27,2020,Carolina,Washington,20.0,13.0,45.0,42.0,3.0,0.0
2020-12-27,2020,NYGiants,Baltimore,13.0,27.0,45.0,43.0,10.0,10.5
2020-12-27,2020,Atlanta,KansasCity,14.0,17.0,53.5,53.5,12.5,12.0
2020-12-27,2020,LARams,Seattle,9.0,20.0,47.0,47.5,1.5,1.0
2020-12-27,2020,Philadelphia,Dallas,17.0,37.0,49.5,50.5,0.0,3.0
2020-12-27,2020,Tennessee,GreenBay,14.0,40.0,56.0,52.5,4.5,3.0
2020-12-28,2020,Buffalo,NewEngland,38.0,9.0,45.0,47.0,4.5,7.5
2021-01-03,2020,Washington,Philadelphia,20.0,14.0,42.0,43.5,4.0,7.0
2021-01-03,2020,Jacksonville,Indianapolis,14.0,28.0,49.0,47.5,12.5,16.0
2021-01-03,2020,GreenBay,Chicago,35.0,16.0,49.0,48.0,5.0,4.5
2021-01-03,2020,Dallas,NYGiants,19.0,23.0,47.0,43.5,3.0,0.0
2021-01-03,2020,Pittsburgh,Cleveland,22.0,24.0,41.0,44.5,4.0,11.5
2021-01-03,2020,Tennessee,Houston,41.0,38.0,56.0,55.5,4.5,7.5
2021-01-03,2020,NewOrleans,Carolina,33.0,7.0,51.0,46.5,6.0,6.0
2021-01-03,2020,NYJets,NewEngland,14.0,28.0,43.0,41.0,9.0,3.0
2021-01-03,2020,Minnesota,Detroit,37.0,35.0,54.5,53.5,3.5,3.0
2021-01-03,2020,Atlanta,TampaBay,27.0,44.0,50.0,51.0,7.0,7.5
2021-01-03,2020,Baltimore,Cincinnati,38.0,3.0,43.5,45.5,13.0,14.0
2021-01-03,2020,Miami,Buffalo,26.0,56.0,43.5,42.5,5.5,3.0
2021-01-03,2020,LAChargers,KansasCity,38.0,21.0,45.0,43.0,1.5,7.5
2021-01-03,2020,Seattle,SanFrancisco,26.0,23.0,47.5,45.0,6.5,7.5
2021-01-03,2020,LasVegas,Denver,32.0,31.0,51.0,50.5,2.5,2.5
2021-01-03,2020,Arizona,LARams,7.0,18.0,42.5,42.0,4.0,0.0
2021-01-09,2020,Indianapolis,Buffalo,24.0,27.0,51.5,50.5,7.0,7.5
2021-01-09,2020,LARams,Seattle,30.0,20.0,41.5,42.0,4.5,3.0
2021-01-09,2020,TampaBay,Washington,31.0,23.0,46.5,44.5,7.0,10.5
2021-01-10,2020,Baltimore,Tennessee,20.0,13.0,54.5,53.5,4.5,3.5
2021-01-10,2020,Chicago,NewOrleans,9.0,21.0,48.0,48.0,10.5,12.5
2021-01-10,2020,Cleveland,Pittsburgh,48.0,37.0,47.0,47.0,3.5,5.5
2021-01-16,2020,LARams,GreenBay,18.0,32.0,46.5,45.0,7.0,7.5
2021-01-16,2020,Baltimore,Buffalo,3.0,17.0,50.0,50.0,0.0,2.5
2021-01-17,2020,Cleveland,KansasCity,17.0,22.0,54.5,56.0,0.0,9.0
2021-01-17,2020,TampaBay,NewOrleans,30.0,20.0,49.5,53.0,0.0,2.5
2021-01-24,2020,TampaBay,GreenBay,31.0,26.0,51.0,53.0,3.0,3.0
2021-01-24,2020,Buffalo,KansasCity,24.0,38.0,53.5,54.5,4.5,3.0
2021-02-07,2020,KansasCity,TampaBay,9.0,31.0,56.0,55.0,2.5,3.5
2021-09-09,2021,Dallas,TampaBay,29.0,31.0,52.5,52.5,7.0,10.0
2021-09-12,2021,Pittsburgh,Buffalo,23.0,16.0,51.0,47.5,7.0,7.0
2021-09-12,2021,NYJets,Carolina,14.0,19.0,43.5,44.5,4.0,3.5
2021-09-12,2021,Jacksonville,Houston,21.0,37.0,46.0,45.5,0.0,3.0
2021-09-12,2021,Arizona,Tennessee,38.0,13.0,51.5,54.0,2.5,2.5
2021-09-12,2021,LAChargers,Washington,20.0,16.0,45.0,45.5,0.0,1.0
2021-09-12,2021,Philadelphia,Atlanta,32.0,6.0,47.0,48.5,3.5,3.5
2021-09-12,2021,Seattle,Indianapolis,28.0,16.0,52.5,49.0,2.5,2.5
2021-09-12,2021,Minnesota,Cincinnati,24.0,27.0,48.5,47.5,3.0,3.0
2021-09-12,2021,SanFrancisco,Detroit,41.0,33.0,46.0,46.0,9.0,10.0
2021-09-12,2021,Cleveland,KansasCity,29.0,33.0,53.0,54.5,6.0,5.5
2021-09-12,2021,Miami,NewEngland,17.0,16.0,46.0,43.0,1.0,3.5
2021-09-12,2021,Denver,NYGiants,27.0,13.0,42.5,41.5,0.0,2.5
2021-09-12,2021,Chicago,LARams,14.0,34.0,45.5,46.0,7.5,10.0
2021-09-12,2021,GreenBay,NewOrleans,3.0,38.0,50.0,49.0,4.0,3.5
2021-09-13,2021,Baltimore,LasVegas,27.0,33.0,51.5,50.5,7.0,3.0
2021-09-16,2021,NYGiants,Washington,29.0,30.0,42.5,41.5,3.0,3.0
2021-09-19,2021,NewOrleans,Carolina,7.0,26.0,46.5,45.0,3.0,3.0
2021-09-19,2021,Houston,Cleveland,21.0,31.0,45.5,49.0,13.0,14.0
2021-09-19,2021,Cincinnati,Chicago,17.0,20.0,45.5,44.5,4.0,0.0
2021-09-19,2021,LasVegas,Pittsburgh,26.0,17.0,49.5,46.5,5.5,5.5
2021-09-19,2021,Buffalo,Miami,35.0,0.0,48.5,48.0,3.0,3.5
2021-09-19,2021,LARams,Indianapolis,27.0,24.0,48.5,47.5,2.5,4.0
2021-09-19,2021,SanFrancisco,Philadelphia,17.0,11.0,46.5,49.0,4.5,2.5
2021-09-19,2021,Denver,Jacksonville,23.0,13.0,44.5,45.0,3.0,7.0
2021-09-19,2021,NewEngland,NYJets,25.0,6.0,43.5,43.0,3.5,5.5
2021-09-19,2021,Minnesota,Arizona,33.0,34.0,49.5,50.5,3.0,3.5
2021-09-19,2021,Atlanta,TampaBay,25.0,48.0,52.5,52.0,9.0,14.0
2021-09-19,2021,Tennessee,Seattle,33.0,30.0,49.5,54.0,3.5,7.0
2021-09-19,2021,Dallas,LAChargers,20.0,17.0,51.5,55.0,2.5,3.0
2021-09-19,2021,KansasCity,Baltimore,35.0,36.0,51.5,53.5,1.0,3.5
2021-09-20,2021,Detroit,GreenBay,17.0,35.0,48.5,49.5,7.0,12.5
2021-09-23,2021,Carolina,Houston,24.0,9.0,44.5,43.0,4.5,9.0
2021-09-26,2021,Arizona,Jacksonville,31.0,19.0,50.5,51.5,6.0,9.0
2021-09-26,2021,Indianapolis,Tennessee,16.0,25.0,49.5,46.5,3.0,4.0
2021-09-26,2021,Baltimore,Detroit,19.0,17.0,48.5,51.0,7.5,9.0
2021-09-26,2021,Washington,Buffalo,21.0,43.0,47.5,45.5,7.0,7.5
2021-09-26,2021,NewOrleans,NewEngland,28.0,13.0,46.5,43.5,0.0,2.5
2021-09-26,2021,LAChargers,KansasCity,30.0,24.0,53.0,55.0,7.5,7.5
2021-09-26,2021,Atlanta,NYGiants,17.0,14.0,43.5,47.5,2.5,2.5
2021-09-26,2021,Chicago,Cleveland,6.0,26.0,46.0,44.5,8.5,9.0
2021-09-26,2021,Cincinnati,Pittsburgh,24.0,10.0,47.5,42.0,6.5,2.5
2021-09-26,2021,Miami,LasVegas,28.0,31.0,48.0,45.5,1.0,3.5
2021-09-26,2021,NYJets,Denver,0.0,26.0,43.5,42.0,7.5,11.0
2021-09-26,2021,TampaBay,LARams,24.0,34.0,52.5,55.0,1.5,0.0
2021-09-26,2021,Seattle,Minnesota,17.0,30.0,50.5,54.0,2.5,0.0
2021-09-26,2021,GreenBay,SanFrancisco,30.0,28.0,48.0,50.5,3.0,3.0
2021-09-27,2021,Philadelphia,Dallas,21.0,41.0,52.5,51.5,3.5,3.5
2021-09-30,2021,Jacksonville,Cincinnati,21.0,24.0,10.5,46.0,6.5,8.5
2021-10-03,2021,Washington,Atlanta,34.0,30.0,49.0,46.5,1.0,0.0
2021-10-03,2021,Detroit,Chicago,14.0,24.0,45.5,41.5,6.0,3.0
2021-10-03,2021,Tennessee,NYJets,24.0,27.0,48.5,44.0,6.0,5.5
2021-10-03,2021,Cleveland,Minnesota,14.0,7.0,50.5,52.0,1.0,0.0
2021-10-03,2021,Indianapolis,Miami,27.0,17.0,45.5,42.0,2.5,2.5
2021-10-03,2021,Carolina,Dallas,28.0,36.0,50.5,51.5,4.0,4.5
2021-10-03,2021,NYGiants,NewOrleans,27.0,21.0,47.0,43.0,6.5,7.5
2021-10-03,2021,KansasCity,Philadelphia,42.0,30.0,54.5,54.0,6.5,7.5
2021-10-03,2021,Houston,Buffalo,0.0,40.0,48.0,47.5,16.5,18.5
2021-10-03,2021,Arizona,LARams,37.0,20.0,53.0,54.0,6.0,4.0
2021-10-03,2021,Seattle,SanFrancisco,28.0,21.0,49.5,52.0,3.5,1.0
2021-10-03,2021,Baltimore,Denver,23.0,7.0,45.5,44.0,1.0,0.0
2021-10-03,2021,Pittsburgh,GreenBay,17.0,27.0,48.0,45.0,6.5,5.5
2021-10-03,2021,TampaBay,NewEngland,19.0,17.0,50.5,49.5,5.5,7.0
2021-10-04,2021,LasVegas,LAChargers,14.0,28.0,52.5,51.5,3.0,3.0
2021-10-07,2021,LARams,Seattle,26.0,17.0,52.5,53.5,0.0,3.0
2021-10-10,2021,NYJets,Atlanta,20.0,27.0,44.5,45.5,3.5,2.5
2021-10-10,2021,Miami,TampaBay,17.0,45.0,50.0,48.0,9.0,12.0
2021-10-10,2021,Philadelphia,Carolina,21.0,18.0,47.0,46.5,3.5,2.5
2021-10-10,2021,NewOrleans,Washington,33.0,22.0,43.5,43.0,1.5,2.5
2021-10-10,2021,Tennessee,Jacksonville,37.0,19.0,51.5,48.5,7.5,4.0
2021-10-10,2021,Detroit,Minnesota,17.0,19.0,49.5,49.5,8.0,10.0
2021-10-10,2021,Denver,Pittsburgh,19.0,27.0,42.0,40.0,1.5,1.0
2021-10-10,2021,GreenBay,Cincinnati,25.0,22.0,48.5,50.0,3.0,1.0
2021-10-10,2021,NewEngland,Houston,25.0,22.0,42.0,39.0,7.5,9.0
2021-10-10,2021,Chicago,LasVegas,20.0,9.0,45.5,46.0,7.0,5.5
2021-10-10,2021,Cleveland,LAChargers,42.0,47.0,50.0,47.0,1.0,2.5
2021-10-10,2021,NYGiants,Dallas,20.0,44.0,49.0,53.5,8.0,7.5
2021-10-10,2021,SanFrancisco,Arizona,10.0,17.0,52.0,48.5,2.0,6.0
2021-10-10,2021,Buffalo,KansasCity,38.0,20.0,56.5,57.0,4.0,3.0
2021-10-11,2021,Indianapolis,Baltimore,25.0,31.0,49.0,46.5,6.0,8.5
2021-10-14,2021,TampaBay,Philadelphia,28.0,22.0,52.5,53.0,6.5,7.5
2021-10-17,2021,Miami,Jacksonville,20.0,23.0,43.5,47.0,3.5,0.0
2021-10-17,2021,Houston,Indianapolis,3.0,31.0,43.5,44.5,11.0,12.5
2021-10-17,2021,GreenBay,Chicago,24.0,14.0,46.0,44.0,4.5,5.5
2021-10-17,2021,KansasCity,Washington,31.0,13.0,54.0,54.0,6.0,7.0
2021-10-17,2021,Minnesota,Carolina,34.0,28.0,47.5,45.0,1.0,1.0
2021-10-17,2021,LAChargers,Baltimore,6.0,34.0,48.0,51.0,3.5,3.0
2021-10-17,2021,Cincinnati,Detroit,34.0,11.0,49.0,46.5,3.0,3.5
2021-10-17,2021,LARams,NYGiants,38.0,11.0,50.0,49.5,6.5,8.5
2021-10-17,2021,Arizona,Cleveland,37.0,14.0,53.0,48.0,3.0,2.5
2021-10-17,2021,LasVegas,Denver,34.0,24.0,44.0,45.0,2.5,5.0
2021-10-17,2021,Dallas,NewEngland,35.0,29.0,48.0,50.5,1.0,3.5
2021-10-17,2021,Seattle,Pittsburgh,20.0,23.0,48.0,43.0,2.5,5.5
2021-10-18,2021,Buffalo,Tennessee,31.0,34.0,53.0,53.5,3.5,7.0
2021-10-21,2021,Denver,Cleveland,14.0,17.0,44.5,40.0,6.0,0.0
2021-10-24,2021,Cincinnati,Baltimore,41.0,17.0,48.0,46.0,7.0,7.0
2021-10-24,2021,Carolina,NYGiants,3.0,25.0,45.5,42.5,3.0,2.5
2021-10-24,2021,Washington,GreenBay,10.0,24.0,50.0,48.0,7.5,10.0
2021-10-24,2021,KansasCity,Tennessee,3.0,27.0,56.0,59.0,3.0,4.0
2021-10-24,2021,Atlanta,Miami,30.0,28.0,48.0,47.5,3.0,0.0
2021-10-24,2021,NYJets,NewEngland,13.0,54.0,43.5,42.5,7.0,7.5
2021-10-24,2021,Detroit,LARams,19.0,28.0,49.5,50.5,13.5,16.5
2021-10-24,2021,Philadelphia,LasVegas,22.0,33.0,48.5,48.5,3.0,0.0
2021-10-24,2021,Chicago,TampaBay,3.0,38.0,49.0,47.0,10.0,13.5
2021-10-24,2021,Houston,Arizona,5.0,31.0,49.5,47.5,14.5,20.0
2021-10-24,2021,Indianapolis,SanFrancisco,30.0,18.0,44.5,41.5,5.5,3.0
2021-10-25,2021,NewOrleans,Seattle,13.0,10.0,44.0,42.0,3.0,5.5
2021-10-28,2021,GreenBay,Arizona,24.0,21.0,52.5,50.5,3.0,7.0
2021-10-31,2021,Miami,Buffalo,11.0,26.0,49.0,48.5,11.5,16.0
2021-10-31,2021,Carolina,Atlanta,19.0,13.0,48.0,46.5,1.5,0.0
2021-10-31,2021,Philadelphia,Detroit,44.0,6.0,49.5,48.0,3.5,3.0
2021-10-31,2021,Tennessee,Indianapolis,34.0,31.0,49.0,51.0,2.5,3.0
2021-10-31,2021,LARams,Houston,38.0,22.0,46.0,47.0,14.0,16.5
2021-10-31,2021,Cincinnati,NYJets,31.0,34.0,45.0,43.0,3.5,12.5
2021-10-31,2021,Pittsburgh,Cleveland,15.0,10.0,45.0,43.0,2.5,5.0
2021-10-31,2021,SanFrancisco,Chicago,33.0,22.0,43.0,40.0,3.5,4.5
2021-10-31,2021,Jacksonville,Seattle,7.0,31.0,43.5,44.5,3.0,4.0
2021-10-31,2021,NewEngland,LAChargers,27.0,24.0,47.5,50.5,6.0,3.5
2021-10-31,2021,Washington,Denver,10.0,17.0,44.5,44.5,4.5,3.5
2021-10-31,2021,TampaBay,NewOrleans,27.0,36.0,50.5,48.0,4.0,4.0
2021-10-31,2021,Dallas,Minnesota,20.0,16.0,51.5,49.0,2.5,4.5
2021-11-01,2021,NYGiants,KansasCity,17.0,20.0,54.0,53.0,13.0,11.5
2021-11-04,2021,NYJets,Indianapolis,30.0,45.0,44.0,45.0,14.0,11.0
2021-11-07,2021,Houston,Miami,9.0,17.0,45.5,45.0,7.0,3.5
2021-11-07,2021,Denver,Dallas,30.0,16.0,49.0,50.0,7.5,10.5
2021-11-07,2021,Minnesota,Baltimore,31.0,34.0,50.0,51.0,6.0,7.5
2021-11-07,2021,NewEngland,Carolina,24.0,6.0,43.5,42.0,2.5,3.5
2021-11-07,2021,Buffalo,Jacksonville,6.0,9.0,50.0,48.0,10.5,16.0
2021-11-07,2021,Cleveland,Cincinnati,41.0,16.0,45.0,47.5,3.0,1.0
2021-11-07,2021,LasVegas,NYGiants,16.0,23.0,47.5,47.0,2.5,2.5
2021-11-07,2021,Atlanta,NewOrleans,27.0,25.0,45.5,43.0,5.5,7.5
2021-11-07,2021,LAChargers,Philadelphia,27.0,24.0,50.0,49.5,3.0,0.0
2021-11-07,2021,GreenBay,KansasCity,7.0,13.0,54.0,48.0,2.5,7.5
2021-11-07,2021,Arizona,SanFrancisco,31.0,17.0,47.0,44.5,3.0,5.5
2021-11-07,2021,Tennessee,LARams,28.0,16.0,52.5,53.0,4.0,7.5
2021-11-08,2021,Chicago,Pittsburgh,27.0,29.0,40.5,40.0,-5.0,7.5
2021-11-11,2021,Baltimore,Miami,10.0,22.0,48.0,47.0,7.0,10.0
2021-11-14,2021,Jacksonville,Indianapolis,17.0,23.0,48.0,48.0,-10.5,11.5
2021-11-14,2021,Cleveland,NewEngland,7.0,45.0,44.5,44.5,-3.0,2.5
2021-11-14,2021,Atlanta,Dallas,3.0,43.0,51.5,55.5,-9.5,9.0
2021-11-14,2021,Buffalo,NYJets,45.0,17.0,48.5,48.5,-13.5,14.0
2021-11-14,2021,NewOrleans,Tennessee,21.0,23.0,44.5,42.5,-2.5,3.0
2021-11-14,2021,TampaBay,Washington,19.0,29.0,51.0,51.0,-8.0,10.5
2021-11-14,2021,Detroit,Pittsburgh,16.0,16.0,44.0,40.5,-9.0,-6.0
2021-11-14,2021,Minnesota,LAChargers,27.0,20.0,50.5,53.5,3.0,3.5
2021-11-14,2021,Carolina,Arizona,34.0,10.0,45.5,41.5,11.5,7.5
2021-11-14,2021,Seattle,GreenBay,0.0,17.0,49.5,49.0,-6.0,3.0
2021-11-14,2021,Philadelphia,Denver,30.0,13.0,44.5,44.5,-1.5,0.0
2021-11-14,2021,KansasCity,LasVegas,41.0,14.0,53.5,53.5,-3.0,2.5
2021-11-15,2021,LARams,SanFrancisco,10.0,31.0,47.0,50.0,3.0,3.5
2021-11-18,2021,NewEngland,Atlanta,25.0,0.0,46.0,47.0,4.0,7.5
2021-11-21,2021,Detroit,Cleveland,10.0,13.0,46.5,42.5,10.0,14.5
2021-11-21,2021,SanFrancisco,Jacksonville,30.0,10.0,46.5,45.0,5.5,7.0
2021-11-21,2021,Indianapolis,Buffalo,41.0,15.0,50.0,49.5,7.0,7.5
2021-11-21,2021,Miami,NYJets,24.0,17.0,45.5,44.5,2.5,4.0
2021-11-21,2021,Washington,Carolina,27.0,21.0,43.0,43.0,2.5,3.5
2021-11-21,2021,Baltimore,Chicago,16.0,13.0,45.0,40.5,6.5,0.0
2021-11-21,2021,NewOrleans,Philadelphia,29.0,40.0,43.5,42.5,1.0,3.0
2021-11-21,2021,Houston,Tennessee,22.0,13.0,46.5,45.0,10.5,10.5
2021-11-21,2021,GreenBay,Minnesota,31.0,34.0,50.5,47.5,2.0,0.0
2021-11-21,2021,Cincinnati,LasVegas,32.0,13.0,48.5,50.5,0.0,1.0
2021-11-21,2021,Arizona,Seattle,23.0,13.0,50.5,45.0,1.0,5.5
2021-11-21,2021,Dallas,KansasCity,9.0,19.0,53.5,55.5,2.5,2.5
2021-11-21,2021,Pittsburgh,LAChargers,37.0,41.0,48.5,47.5,3.0,7.0
2021-11-22,2021,NYGiants,TampaBay,10.0,30.0,51.0,50.0,12.5,12.5
2021-11-25,2021,Chicago,Detroit,16.0,14.0,45.0,41.5,3.0,1.0
2021-11-25,2021,LasVegas,Dallas,36.0,33.0,54.5,51.0,7.0,8.0
2021-11-25,2021,Buffalo,NewOrleans,31.0,6.0,48.0,45.0,4.5,7.5
2021-11-28,2021,Tennessee,NewEngland,13.0,36.0,46.5,43.0,2.5,7.5
2021-11-28,2021,NYJets,Houston,21.0,14.0,46.5,44.5,3.0,3.0
2021-11-28,2021,Philadelphia,NYGiants,7.0,13.0,46.0,45.5,3.0,4.0
2021-11-28,2021,TampaBay,Indianapolis,38.0,31.0,52.0,53.0,3.0,3.0
2021-11-28,2021,Atlanta,Jacksonville,21.0,14.0,48.5,46.0,1.0,0.0
2021-11-28,2021,Carolina,Miami,10.0,33.0,43.5,40.5,1.0,0.0
2021-11-28,2021,Pittsburgh,Cincinnati,10.0,41.0,46.5,43.5,3.5,3.5
2021-11-28,2021,LAChargers,Denver,13.0,28.0,47.5,47.0,2.0,3.0
2021-11-28,2021,Minnesota,SanFrancisco,26.0,34.0,48.0,49.0,2.5,4.0
2021-11-28,2021,LARams,GreenBay,28.0,36.0,49.5,47.0,1.5,0.0
2021-11-28,2021,Cleveland,Baltimore,10.0,16.0,48.0,47.5,5.0,3.0
2021-11-29,2021,Seattle,Washington,15.0,17.0,48.0,46.5,3.5,2.0
2021-12-02,2021,Dallas,NewOrleans,27.0,17.0,48.0,45.5,4.5,7.0
2021-12-05,2021,Minnesota,Detroit,27.0,29.0,48.0,47.5,7.5,7.5
2021-12-05,2021,Arizona,Chicago,33.0,22.0,46.5,43.0,7.0,9.0
2021-12-05,2021,TampaBay,Atlanta,30.0,17.0,50.5,50.5,9.5,12.0
2021-12-05,2021,Denver,KansasCity,9.0,22.0,50.5,46.5,9.5,9.5
2021-12-05,2021,Indianapolis,Houston,31.0,0.0,47.0,45.5,7.0,11.0
2021-12-05,2021,Philadelphia,NYJets,33.0,18.0,45.0,44.0,6.5,4.5
2021-12-05,2021,LAChargers,Cincinnati,41.0,22.0,48.0,49.5,1.0,3.0
2021-12-05,2021,NYGiants,Miami,9.0,20.0,43.5,40.0,2.5,7.5
2021-12-05,2021,Washington,LasVegas,17.0,15.0,48.0,47.5,1.5,1.0
2021-12-05,2021,Baltimore,Pittsburgh,19.0,20.0,45.0,44.0,2.5,3.0
2021-12-05,2021,Jacksonville,LARams,7.0,37.0,48.0,48.0,12.0,14.5
2021-12-05,2021,SanFrancisco,Seattle,23.0,30.0,46.0,45.0,1.0,3.0
2021-12-06,2021,NewEngland,Buffalo,14.0,10.0,46.0,39.5,3.5,3.0
2021-12-09,2021,Pittsburgh,Minnesota,28.0,36.0,30.0,44.5,3.5,3.5
2021-12-12,2021,LasVegas,KansasCity,9.0,48.0,52.5,48.0,10.5,10.5
2021-12-12,2021,NewOrleans,NYJets,30.0,9.0,44.5,42.0,6.5,4.0
2021-12-12,2021,SanFrancisco,Cincinnati,26.0,23.0,47.0,49.5,2.0,0.0
2021-12-12,2021,Jacksonville,Tennessee,0.0,20.0,46.5,44.5,9.0,10.0
2021-12-12,2021,Baltimore,Cleveland,22.0,24.0,45.0,44.0,0.0,3.0
2021-12-12,2021,Atlanta,Carolina,29.0,21.0,45.5,41.5,2.5,2.5
2021-12-12,2021,Dallas,Washington,27.0,20.0,49.0,48.0,4.5,7.0
2021-12-12,2021,Seattle,Houston,33.0,13.0,45.0,41.0,6.5,10.0
2021-12-12,2021,Detroit,Denver,10.0,38.0,43.5,42.0,8.5,14.0
2021-12-12,2021,NYGiants,LAChargers,21.0,37.0,46.5,43.5,7.5,10.0
2021-12-12,2021,Buffalo,TampaBay,27.0,33.0,53.0,53.0,3.0,3.0
2021-12-12,2021,Chicago,GreenBay,30.0,45.0,46.5,43.0,11.0,13.0
2021-12-13,2021,LARams,Arizona,30.0,23.0,51.5,50.5,2.0,3.5
2021-12-16,2021,KansasCity,LAChargers,34.0,28.0,50.0,54.0,3.0,3.0
2021-12-18,2021,NewEngland,Indianapolis,17.0,27.0,44.0,47.5,2.5,0.0
2021-12-19,2021,Carolina,Buffalo,14.0,31.0,45.5,43.0,9.5,14.5
2021-12-19,2021,NYJets,Miami,24.0,31.0,44.5,42.0,7.0,10.5
2021-12-19,2021,Dallas,NYGiants,21.0,6.0,45.5,43.5,10.0,13.5
2021-12-19,2021,GreenBay,Baltimore,31.0,30.0,46.0,45.0,1.5,9.5
2021-12-19,2021,Tennessee,Pittsburgh,13.0,19.0,43.5,44.0,2.0,0.0
2021-12-19,2021,Houston,Jacksonville,30.0,16.0,43.5,40.5,3.5,6.0
2021-12-19,2021,Arizona,Detroit,12.0,30.0,47.5,48.5,12.5,14.0
2021-12-19,2021,Atlanta,SanFrancisco,13.0,31.0,45.0,48.0,7.5,9.5
2021-12-19,2021,Cincinnati,Denver,15.0,10.0,44.5,43.5,2.5,2.5
2021-12-19,2021,NewOrleans,TampaBay,9.0,0.0,48.5,45.5,11.5,13.0
2021-12-20,2021,Minnesota,Chicago,17.0,9.0,43.5,47.5,3.5,7.5
2021-12-20,2021,LasVegas,Cleveland,16.0,14.0,40.5,41.5,0.0,3.0
2021-12-21,2021,Seattle,LARams,10.0,20.0,45.0,47.0,7.0,7.5
2021-12-21,2021,Washington,Philadelphia,17.0,27.0,43.0,39.5,9.0,11.0
2021-12-23,2021,SanFrancisco,Tennessee,17.0,20.0,43.5,45.5,1.0,3.5
2021-12-25,2021,Cleveland,GreenBay,22.0,24.0,44.5,47.0,7.0,9.5
2021-12-25,2021,Indianapolis,Arizona,22.0,16.0,49.0,48.0,5.0,3.0
2021-12-26,2021,TampaBay,Carolina,32.0,6.0,49.0,44.5,11.5,12.0
2021-12-26,2021,NYGiants,Philadelphia,10.0,34.0,43.5,41.0,9.5,12.0
2021-12-26,2021,LAChargers,Houston,29.0,41.0,45.5,45.5,10.5,14.0
2021-12-26,2021,Detroit,Atlanta,16.0,20.0,43.5,43.0,6.5,9.0
2021-12-26,2021,Baltimore,Cincinnati,21.0,41.0,44.5,43.5,2.0,9.0
2021-12-26,2021,LARams,Minnesota,30.0,23.0,49.5,48.5,3.5,3.0
2021-12-26,2021,Jacksonville,NYJets,21.0,26.0,41.5,43.5,1.0,1.0
2021-12-26,2021,Buffalo,NewEngland,33.0,21.0,43.5,43.5,2.0,0.0
2021-12-26,2021,Chicago,Seattle,25.0,24.0,43.5,41.0,7.0,7.5
2021-12-26,2021,Pittsburgh,KansasCity,10.0,36.0,48.5,44.5,8.5,11.5
2021-12-26,2021,Denver,LasVegas,13.0,17.0,42.5,41.5,1.0,0.0
2021-12-26,2021,Washington,Dallas,14.0,56.0,48.5,46.0,9.0,11.0
2021-12-28,2021,Miami,NewOrleans,20.0,3.0,41.0,37.5,3.5,3.0
2022-01-02,2021,LasVegas,Indianapolis,23.0,20.0,48.0,46.5,7.5,10.0
2022-01-02,2021,NYGiants,Chicago,3.0,29.0,42.5,37.0,3.5,7.0
2022-01-02,2021,TampaBay,NYJets,28.0,24.0,45.5,47.5,11.0,15.0
2022-01-02,2021,Atlanta,Buffalo,15.0,29.0,44.5,46.0,13.5,14.5
2022-01-02,2021,Arizona,Dallas,25.0,22.0,50.5,53.0,2.5,7.0
2022-01-02,2021,Carolina,NewOrleans,10.0,18.0,40.5,37.0,7.0,7.0
2022-01-02,2021,Philadelphia,Washington,20.0,16.0,44.0,44.5,2.5,6.0
2022-01-02,2021,KansasCity,Cincinnati,31.0,34.0,47.5,50.5,4.5,3.5
2022-01-02,2021,Jacksonville,NewEngland,10.0,50.0,42.5,42.5,15.5,17.5
2022-01-02,2021,Miami,Tennessee,3.0,34.0,41.0,41.0,3.5,3.0
2022-01-02,2021,Denver,LAChargers,13.0,34.0,45.5,45.0,6.0,9.0
2022-01-02,2021,Houston,SanFrancisco,7.0,23.0,44.5,44.0,15.0,14.0
2022-01-02,2021,Detroit,Seattle,29.0,51.0,42.5,41.0,9.5,9.5
2022-01-02,2021,LARams,Baltimore,20.0,19.0,45.0,47.0,2.0,7.5
2022-01-02,2021,Minnesota,GreenBay,10.0,37.0,46.0,43.0,7.0,13.5
2022-01-03,2021,Cleveland,Pittsburgh,14.0,26.0,41.5,43.5,1.0,0.0
2022-01-08,2021,Dallas,Philadelphia,51.0,26.0,45.5,46.0,3.5,7.0
2022-01-08,2021,KansasCity,Denver,28.0,24.0,43.0,45.0,3.0,12.5
2022-01-09,2021,GreenBay,Detroit,30.0,37.0,44.5,45.0,3.5,3.5
2022-01-09,2021,Chicago,Minnesota,17.0,31.0,44.5,44.5,3.5,3.5
2022-01-09,2021,NewEngland,Miami,24.0,33.0,40.5,41.0,7.0,5.5
2022-01-09,2021,Indianapolis,Jacksonville,11.0,26.0,43.5,43.0,15.0,14.5
2022-01-09,2021,NYJets,Buffalo,10.0,27.0,40.5,43.0,16.5,16.0
2022-01-09,2021,Carolina,TampaBay,17.0,41.0,42.5,43.0,11.0,12.5
2022-01-09,2021,Tennessee,Houston,28.0,25.0,42.0,43.0,11.5,12.0
2022-01-09,2021,Washington,NYGiants,22.0,7.0,37.0,36.5,7.0,5.5
2022-01-09,2021,NewOrleans,Atlanta,30.0,20.0,40.0,40.5,4.5,5.0
2022-01-09,2021,Pittsburgh,Baltimore,16.0,13.0,41.0,40.5,3.0,3.0
2022-01-09,2021,Cincinnati,Cleveland,16.0,21.0,37.0,38.0,6.0,7.0
2022-01-09,2021,Seattle,Arizona,38.0,30.0,48.5,48.5,5.5,5.5
2022-01-09,2021,SanFrancisco,LARams,27.0,24.0,45.0,46.5,3.5,3.0
2022-01-09,2021,LAChargers,LasVegas,32.0,35.0,49.0,49.5,2.5,3.0
2022-01-15,2021,LasVegas,Cincinnati,19.0,26.0,48.5,48.5,6.0,6.0
2022-01-15,2021,NewEngland,Buffalo,17.0,47.0,44.0,43.0,4.0,4.5
2022-01-16,2021,Philadelphia,TampaBay,15.0,31.0,49.0,47.5,10.0,7.5
2022-01-16,2021,SanFrancisco,Dallas,23.0,17.0,50.5,51.0,2.5,3.5
2022-01-16,2021,Pittsburgh,KansasCity,21.0,42.0,47.0,46.5,13.0,11.5
2022-01-17,2021,Arizona,LARams,11.0,34.0,50.5,49.5,4.0,3.0
2022-01-22,2021,Cincinnati,Tennessee,19.0,16.0,47.5,48.5,6.0,4.0
2022-01-22,2021,SanFrancisco,GreenBay,13.0,10.0,47.5,47.0,4.5,6.0
2022-01-23,2021,LARams,TampaBay,30.0,27.0,48.0,48.0,2.5,2.5
2022-01-23,2021,Buffalo,KansasCity,36.0,42.0,53.5,53.5,2.5,2.5
2022-01-30,2021,Cincinnati,KansasCity,27.0,24.0,49.5,54.5,7.0,7.0
2022-01-30,2021,SanFrancisco,LARams,17.0,20.0,47.5,45.5,3.0,-3.5
2022-02-13,2021,LARams,Cincinnati,23.0,20.0,50.0,48.5,4.0,4.0
